{
  "pools": [
    {
      "rolls": 1,
      "entries": [
        {
          "type": "minecraft:item",
          "name": "minecraft:carrot_on_a_stick",
          "functions": [
            {
              "function": "minecraft:set_lore",
              "lore": [
                {
                  "text": "Right click a block to check its seals and seal slots.",
                  "color": "gray",
                  "italic": false
                },
                {
                  "text": "Shift right click to remove all seals from a block.",
                  "color": "gray",
                  "italic": false
                }
              ]
            },
            {
              "function": "minecraft:set_name",
              "name": {
                "text": "Arcane Pliers",
                "color": "white",
                "italic": false
              }
            },
            {
              "function": "minecraft:set_nbt",
              "tag": "{CustomModelData:423083,flor_dat:{arid_cost:10b,aqueous_cost:10b,verdant_cost:10b,arcane_pliers:1b}}"
            }
          ]
        }
      ]
    }
  ]
}