{
  "pools": [
    {
      "rolls": 1,
      "entries": [
        {
          "type": "minecraft:item",
          "name": "minecraft:iron_axe",
          "functions": [
            {
              "function": "minecraft:set_name",
              "name": {
                "text": "Arid Axe",
                "color": "white",
                "italic": false
              }
            },
            {
              "function": "minecraft:set_nbt",
              "tag": "{CustomModelData:423001,flor_dat:{arid_cost:10b,ess_tool:1b,ess_repair:1b}}"
            }
          ]
        }
      ]
    }
  ]
}