{
  "pools": [
    {
      "rolls": 1,
      "entries": [
        {
          "type": "minecraft:item",
          "name": "minecraft:carrot_on_a_stick",
          "functions": [
            {
              "function": "minecraft:set_lore",
              "lore": [
                {
                  "text": "Use any essence type to invoke the powers of elemental spirits.",
                  "color": "gray",
                  "italic": false
                },
                {
                  "text": "Essence is consumed over time to maintain spirit form.",
                  "color": "gray",
                  "italic": false
                },
                {
                  "text": "Use again to disable the invocation.",
                  "color": "gray",
                  "italic": false
                }
              ]
            },
            {
              "function": "minecraft:set_name",
              "name": {
                "text": "Charm of Invocation",
                "color": "white",
                "italic": false
              }
            },
            {
              "function": "minecraft:set_nbt",
              "tag": "{CustomModelData:423059,flor_dat:{arid_cost:10b,aqueous_cost:10b,verdant_cost:10b,charm_of_invocation:1b}}"
            }
          ]
        }
      ]
    }
  ]
}