{
  "pools": [{
    "rolls": 1,
    "entries": [{
      "type": "minecraft:item",
      "weight": 1,
      "functions": [{
          "function": "minecraft:set_nbt",
          "tag": "{HideFlags:4,RepairCost:100,flor_dat:{verdant_cost:3b,dispoppy:1b},CustomModelData:423015,Unbreakable:1b}"
        },
        {
          "function": "minecraft:set_lore",
          "lore": [
            {
              "text": "Disperses essence from the nearest Absorbloom",
              "color": "gray",
              "italic": false
            },
            {
              "text": "to nearby players holding essence-storing items",
              "color": "gray",
              "italic": false
            },
            {
              "text": "and essence-consuming blocks.",
              "color": "gray",
              "italic": false
            }
          ]
        },
        {
          "function": "minecraft:set_name",
          "name": {
            "text": "Dispoppy",
            "color": "white",
            "italic": false
          }
        }
      ],
      "name": "minecraft:carrot_on_a_stick"
    }]
  }]
}