{
  "pools": [
    {
      "rolls": 1,
      "entries": [
        {
          "type": "minecraft:item",
          "name": "minecraft:iron_hoe",
          "functions": [
            {
              "function": "minecraft:set_lore",
              "lore": [
                {
                  "text": "Hold to show current biome essence.",
                  "color": "gray",
                  "italic": false
                },
                {
                  "text": "Break leaves or grass to sometimes turn it to essence.",
                  "color": "gray",
                  "italic": false
                },
                {
                  "text": "Can also till ground.",
                  "color": "gray",
                  "italic": false
                }
              ]
            },
            {
              "function": "minecraft:set_name",
              "name": {
                "text": "Druidic Scepter",
                "color": "white",
                "italic": false
              }
            },
            {
              "function": "minecraft:set_nbt",
              "tag": "{CustomModelData:423000,flor_dat:{arid_cost:3b,aqueous_cost:3b,verdant_cost:3b,druidic_scepter:1b}}"
            }
          ]
        }
      ]
    }
  ]
}