{
  "pools": [
    {
      "rolls": 1,
      "entries": [
        {
          "type": "minecraft:item",
          "name": "minecraft:carrot_on_a_stick",
          "functions": [
            {
              "function": "minecraft:set_lore",
              "lore": [
                {
                  "text": "Right click to fire a stream of water using Aqueous Essence,",
                  "color": "gray",
                  "italic": false
                },
                {
                  "text": "rapidly breaking blocks in your way.",
                  "color": "gray",
                  "italic": false
                }
              ]
            },
            {
              "function": "minecraft:set_name",
              "name": {
                "text": "Erosion Scepter",
                "color": "white",
                "italic": false
              }
            },
            {
              "function": "minecraft:set_nbt",
              "tag": "{CustomModelData:423076,flor_dat:{arid_cost:5b,aqueous_cost:10b,verdant_cost:0b,erosion_scepter:1b}}"
            }
          ]
        }
      ]
    }
  ]
}