{
  "pools": [
    {
      "rolls": 1,
      "entries": [
        {
          "type": "minecraft:item",
          "name": "minecraft:carrot_on_a_stick",
          "functions": [
            {
              "function": "minecraft:set_lore",
              "lore": [
                {
                  "text": "Place on your hotbar to gather",
                  "color": "gray",
                  "italic": false
                },
                {
                  "text": "essence from the wild.",
                  "color": "gray",
                  "italic": false
                }
              ]
            },
            {
              "function": "minecraft:set_name",
              "name": {
                "text": "Essence Flask",
                "color": "white",
                "italic": false
              }
            },
            {
              "function": "minecraft:set_nbt",
              "tag": "{CustomModelData:423000,flor_dat:{arid_cost:1b,aqueous_cost:1b,verdant_cost:1b,essence_flask:1b,fill:0b}}"
            }
          ]
        }
      ]
    }
  ]
}