{
  "pools": [
    {
      "rolls": 1,
      "entries": [
        {
          "type": "minecraft:item",
          "name": "minecraft:dropper",
          "functions": [
            {
              "function": "minecraft:set_lore",
              "lore": [
                {
                  "text": "Stores up to 20 essence.",
                  "color": "gray",
                  "italic": false
                },
                {
                  "text": "A redstone signal enables essence intake via Dispoppy.",
                  "color": "gray",
                  "italic": false
                },
                {
                  "text": "Disable redstone to allow Absorblooms to remove the essence.",
                  "color": "gray",
                  "italic": false
                }
              ]
            },
            {
              "function": "minecraft:set_name",
              "name": {
                "text": "Essence Capacitor",
                "color": "white",
                "italic": false
              }
            },
            {
              "function": "minecraft:set_nbt",
              "tag": "{BlockEntityTag:{id:\"minecraft:dropper\",Items:[{id:\"minecraft:barrier\",Count:1b,tag:{flor_dat:{placed_block:1b,block:\"essence_capacitor\"}}}]},CustomModelData:423013,flor_dat:{arid_cost:10b,aqueous_cost:10b,verdant_cost:10b,capacitor:1b}}"
            }
          ]
        }
      ]
    }
  ]
}