{
  "pools": [
    {
      "rolls": 1,
      "entries": [
        {
          "type": "minecraft:item",
          "name": "minecraft:carrot_on_a_stick",
          "functions": [
            {
              "function": "minecraft:set_lore",
              "lore": [
                {
                  "text": "Holds a large amount of essence.",
                  "color": "gray",
                  "italic": false
                },
                {
                  "text": "Can be filled via Dispoppies.",
                  "color": "gray",
                  "italic": false
                }
              ]
            },
            {
              "function": "minecraft:set_name",
              "name": {
                "text": "Essence Vessel",
                "color": "white",
                "italic": false
              }
            },
            {
              "function": "minecraft:set_nbt",
              "tag": "{CustomModelData:423024,flor_dat:{arid_cost:10b,aqueous_cost:10b,verdant_cost:10b,essence_vessel:1b,fill:0b}}"
            }
          ]
        }
      ]
    }
  ]
}