{
  "pools": [
    {
      "rolls": 1,
      "entries": [
        {
          "type": "minecraft:item",
          "name": "minecraft:carrot_on_a_stick",
          "functions": [
            {
              "function": "minecraft:set_lore",
              "lore": [
                {
                  "text": "Right click a block to show information",
                  "color": "gray",
                  "italic": false
                },
                {
                  "text": "about ranges, connections, and more.",
                  "color": "gray",
                  "italic": false
                }
              ]
            },
            {
              "function": "minecraft:set_name",
              "name": {
                "text": "Floramancer's Wand",
                "color": "white",
                "italic": false
              }
            },
            {
              "function": "minecraft:set_nbt",
              "tag": "{CustomModelData:423073,flor_dat:{arid_cost:3b,aqueous_cost:3b,verdant_cost:3b,floramancers_wand:1b}}"
            }
          ]
        }
      ]
    }
  ]
}