{
  "pools": [
    {
      "rolls": 1,
      "entries": [
        {
          "type": "minecraft:item",
          "name": "minecraft:carrot_on_a_stick",
          "functions": [
            {
              "function": "minecraft:set_lore",
              "lore": [
                {
                  "text": "Right click to fire a spark using Arid Essence,",
                  "color": "gray",
                  "italic": false
                },
                {
                  "text": "dealing damage and lighting a fire.",
                  "color": "gray",
                  "italic": false
                }
              ]
            },
            {
              "function": "minecraft:set_name",
              "name": {
                "text": "Ignition Rod",
                "color": "white",
                "italic": false
              }
            },
            {
              "function": "minecraft:set_nbt",
              "tag": "{CustomModelData:423010,flor_dat:{arid_cost:5b,aqueous_cost:0b,verdant_cost:0b,ignition_rod:1b}}"
            }
          ]
        }
      ]
    }
  ]
}