{
  "pools": [
    {
      "rolls": 1,
      "entries": [
        {
          "type": "minecraft:item",
          "name": "minecraft:dropper",
          "functions": [
            {
              "function": "minecraft:set_lore",
              "lore": [
                {
                  "text": "The beginnings of the mystical arts",
                  "color": "gray",
                  "italic": false
                },
                {
                  "text": "glimmer within.",
                  "color": "gray",
                  "italic": false
                }
              ]
            },
            {
              "function": "minecraft:set_name",
              "name": {
                "text": "Infused Workbench",
                "color": "white",
                "italic": false
              }
            },
            {
              "function": "minecraft:set_nbt",
              "tag": "{BlockEntityTag:{id:\"minecraft:dropper\",Items:[{id:\"minecraft:barrier\",Count:1b,tag:{flor_dat:{placed_block:1b,block:\"infused_workbench\"}}}]},CustomModelData:423001,flor_dat:{infused_workbench:1b}}"
            }
          ]
        }
      ]
    }
  ]
}