{
  "pools": [
    {
      "rolls": 1,
      "entries": [
        {
          "type": "minecraft:item",
          "name": "minecraft:carrot_on_a_stick",
          "functions": [
            {
              "function": "minecraft:set_lore",
              "lore": [
                {
                  "text": "Right click a block to show information.",
                  "color": "gray",
                  "italic": false
                },
                {
                  "text": "Hold essence in the offhand and shift right click",
                  "color": "gray",
                  "italic": false
                },
                {
                  "text": "to insert it directly into a flower.",
                  "color": "gray",
                  "italic": false
                }
              ]
            },
            {
              "function": "minecraft:set_name",
              "name": {
                "text": "Master Floramancer's Staff",
                "color": "yellow",
                "italic": false
              }
            },
            {
              "function": "minecraft:set_nbt",
              "tag": "{CustomModelData:423075,flor_dat:{arid_cost:15b,aqueous_cost:15b,verdant_cost:15b,master_floramancers_staff:1b}}"
            }
          ]
        }
      ]
    }
  ]
}