{
  "pools": [
    {
      "rolls": 1,
      "entries": [
        {
          "type": "minecraft:item",
          "name": "minecraft:dropper",
          "functions": [
            {
              "function": "minecraft:set_lore",
              "lore": [
                {
                  "text": "Uses Arid Essence from Dispoppies to smelt items,",
                  "color": "gray",
                  "italic": false
                },
                {
                  "text": "akin to a normal furnace.",
                  "color": "gray",
                  "italic": false
                }
              ]
            },
            {
              "function": "minecraft:set_name",
              "name": {
                "text": "Mystical Furnace",
                "color": "white",
                "italic": false
              }
            },
            {
              "function": "minecraft:set_nbt",
              "tag": "{BlockEntityTag:{id:\"minecraft:dropper\",Items:[{id:\"minecraft:barrier\",Count:1b,tag:{flor_dat:{placed_block:1b,block:\"mystical_furnace\"}}}]},CustomModelData:423003,flor_dat:{arid_cost:10b,aqueous_cost:5b,verdant_cost:5b,infused_furnace:1b}}"
            }
          ]
        }
      ]
    }
  ]
}