{
  "pools": [
    {
      "rolls": 1,
      "entries": [
        {
          "type": "minecraft:item",
          "name": "minecraft:diamond_pickaxe",
          "functions": [
            {
              "function": "minecraft:set_name",
              "name": {
                "text": "Raging River Pickaxe",
                "color": "yellow",
                "italic": false
              }
            },
            {
              "function": "minecraft:set_lore",
              "lore": [
                {
                  "text": "Cleaves out entire ore clusters at once, teleporting their drops to you.",
                  "color": "gray",
                  "italic": false
                }
              ]
            },
            {
              "function": "minecraft:set_nbt",
              "tag": "{CustomModelData:423000,flor_dat:{aqueous_cost:15b,raging_river_pickaxe:1b,ess_repair:2b}}"
            }
          ]
        }
      ]
    }
  ]
}