{
  "pools": [
    {
      "rolls": 1,
      "entries": [
        {
          "type": "minecraft:item",
          "name": "minecraft:dropper",
          "functions": [
            {
              "function": "minecraft:set_lore",
              "lore": [
                {
                  "text": "Place above a flower and apply a signal",
                  "color": "gray",
                  "italic": false
                },
                {
                  "text": "to disable the flower.",
                  "color": "gray",
                  "italic": false
                },
                {
                  "text": "Disabled flowers emit red particles.",
                  "color": "gray",
                  "italic": false
                }
              ]
            },
            {
              "function": "minecraft:set_name",
              "name": {
                "text": "Redstone Control Matrix",
                "color": "white",
                "italic": false
              }
            },
            {
              "function": "minecraft:set_nbt",
              "tag": "{BlockEntityTag:{id:\"minecraft:dropper\",Items:[{id:\"minecraft:barrier\",Count:1b,tag:{flor_dat:{placed_block:1b,block:\"redstone_control_matrix\"}}}]},CustomModelData:423009,flor_dat:{arid_cost:5b,aqueous_cost:5b,verdant_cost:5b,redstone_control_matrix:1b}}"
            }
          ]
        }
      ]
    }
  ]
}