{
  "pools": [
    {
      "rolls": 1,
      "entries": [
        {
          "type": "minecraft:item",
          "name": "minecraft:dropper",
          "functions": [
            {
              "function": "minecraft:set_lore",
              "lore": [
                {
                  "text": "Collects essence even faster.",
                  "color": "gray",
                  "italic": false
                },
                {
                  "text": "Placing pylons close together reduces yield.",
                  "color": "gray",
                  "italic": false
                },
                {
                  "text": "Extract essence using Essence Flask.",
                  "color": "gray",
                  "italic": false
                }
              ]
            },
            {
              "function": "minecraft:set_name",
              "name": {
                "text": "Reinforced Pylon",
                "color": "yellow",
                "italic": false
              }
            },
            {
              "function": "minecraft:set_nbt",
              "tag": "{BlockEntityTag:{id:\"minecraft:dropper\",Items:[{id:\"minecraft:barrier\",Count:1b,tag:{flor_dat:{placed_block:1b,block:\"reinforced_pylon\"}}}]},CustomModelData:423010,flor_dat:{arid_cost:15b,aqueous_cost:15b,verdant_cost:15b,reinforced_pylon:1b}}"
            }
          ]
        }
      ]
    }
  ]
}