{
  "pools": [
    {
      "rolls": 1,
      "entries": [
        {
          "type": "minecraft:item",
          "name": "minecraft:diamond_sword",
          "functions": [
            {
              "function": "minecraft:set_name",
              "name": {
                "text": "Scorching Arc Sword",
                "color": "yellow",
                "italic": false
              }
            },
            {
              "function": "minecraft:set_lore",
              "lore": [
                {
                  "text": "Attacks strike nearby mobs with blazing sweeps.",
                  "color": "gray",
                  "italic": false
                }
              ]
            },
            {
              "function": "minecraft:set_nbt",
              "tag": "{CustomModelData:423000,flor_dat:{arid_cost:15b,scorching_arc_sword:1b,ess_repair:1b}}"
            }
          ]
        }
      ]
    }
  ]
}