{
  "pools": [
    {
      "rolls": 1,
      "entries": [
        {
          "type": "minecraft:item",
          "name": "minecraft:carrot_on_a_stick",
          "functions": [
            {
              "function": "minecraft:set_lore",
              "lore": [
                {
                  "text": "Right click to shoot a snare using Verdant Essence,",
                  "color": "gray",
                  "italic": false
                },
                {
                  "text": "dealing damage and immobilizing a mob it hits.",
                  "color": "gray",
                  "italic": false
                }
              ]
            },
            {
              "function": "minecraft:set_name",
              "name": {
                "text": "Snare Scepter",
                "color": "white",
                "italic": false
              }
            },
            {
              "function": "minecraft:set_nbt",
              "tag": "{CustomModelData:423019,flor_dat:{arid_cost:0b,aqueous_cost:0b,verdant_cost:15b,snare_scepter:1b}}"
            }
          ]
        }
      ]
    }
  ]
}