{
  "pools": [
    {
      "rolls": 1,
      "entries": [
        {
          "type": "minecraft:item",
          "name": "minecraft:carrot_on_a_stick",
          "functions": [
            {
              "function": "minecraft:set_lore",
              "lore": [
                {
                  "text": "Right click to shoot magic orbs using 2 of any essence,",
                  "color": "gray",
                  "italic": false
                },
                {
                  "text": "dealing significant damage and secondary effects.",
                  "color": "gray",
                  "italic": false
                }
              ]
            },
            {
              "function": "minecraft:set_name",
              "name": {
                "text": "Spirit Binder Staff",
                "color": "yellow",
                "italic": false
              }
            },
            {
              "function": "minecraft:set_nbt",
              "tag": "{CustomModelData:423040,flor_dat:{arid_cost:15b,aqueous_cost:15b,verdant_cost:15b,spirit_binder_staff:1b}}"
            }
          ]
        }
      ]
    }
  ]
}