{
  "pools": [
    {
      "rolls": 1,
      "entries": [
        {
          "type": "minecraft:item",
          "name": "minecraft:structure_block",
          "functions": [
            {
              "function": "minecraft:set_name",
              "name": {
                "text": "Verdant Alloy Ingot",
                "color": "white",
                "italic": false
              }
            },
            {
              "function": "minecraft:set_nbt",
              "tag": "{CustomModelData:423032,flor_dat:{verdant_cost:10b,alloy:3b}}"
            }
          ]
        }
      ]
    }
  ]
}