{
  "pools": [
    {
      "rolls": 1,
      "entries": [
        {
          "type": "minecraft:item",
          "name": "minecraft:iron_pickaxe",
          "functions": [
            {
              "function": "minecraft:set_name",
              "name": {
                "text": "Verdant Pickaxe",
                "color": "white",
                "italic": false
              }
            },
            {
              "function": "minecraft:set_nbt",
              "tag": "{CustomModelData:423003,flor_dat:{verdant_cost:10b,ess_tool:3b,ess_repair:3b}}"
            }
          ]
        }
      ]
    }
  ]
}