{
  "pools": [
    {
      "rolls": 1,
      "entries": [
        {
          "type": "minecraft:item",
          "name": "minecraft:leather_helmet",
          "functions": [
            {
              "function": "minecraft:set_attributes",
              "modifiers": [
                {
                  "attribute": "minecraft:generic.luck",
                  "name": "placeholder",
                  "amount": 1,
                  "operation": "addition",
                  "slot": "chest"
                }
              ]
            },
            {
              "function": "minecraft:set_lore",
              "lore": [
                {
                  "text": "Increases the damage of your verdant magic,",
                  "color": "gray",
                  "italic": false
                },
                {
                  "text": "and greatly reduces taken damage from verdant and aqueous magic.",
                  "color": "gray",
                  "italic": false
                }
              ]
            },
            {
              "function": "minecraft:set_name",
              "name": {
                "text": "Verdant Mastery Circlet",
                "color": "yellow",
                "italic": false
              }
            },
            {
              "function": "minecraft:set_nbt",
              "tag": "{HideFlags:2,CustomModelData:423062,flor_dat:{arid_cost:0b,aqueous_cost:0b,verdant_cost:20b,verdant_mastery_circlet:1b}}"
            }
          ]
        }
      ]
    }
  ]
}