{
  "pools": [
    {
      "rolls": 1,
      "entries": [
        {
          "type": "minecraft:item",
          "name": "minecraft:carrot_on_a_stick",
          "functions": [
            {
              "function": "minecraft:set_lore",
              "lore": [
                {
                  "text": "Right click a flower or machine to apply.",
                  "color": "gray",
                  "italic": false
                },
                {
                  "text": "Limits essence flow to Verdant only.",
                  "color": "gray",
                  "italic": false
                }
              ]
            },
            {
              "function": "minecraft:set_name",
              "name": {
                "text": "Verdant Filter Seal",
                "color": "white",
                "italic": false
              }
            },
            {
              "function": "minecraft:set_nbt",
              "tag": "{CustomModelData:423079,flor_dat:{arid_cost:0b,aqueous_cost:0b,verdant_cost:5b,seal:1b,verdant_filter_seal:1b}}"
            }
          ]
        }
      ]
    }
  ]
}