[
  {
    "condition": "minecraft:alternative",
    "terms": [
      {
        "condition": "minecraft:reference",
        "name": "florcraft:item/holding_elem_hoe"
      },
      {
        "condition": "minecraft:reference",
        "name": "florcraft:item/holding_elem_shovel"
      },
      {
        "condition": "minecraft:reference",
        "name": "florcraft:item/holding_elem_pickaxe"
      },
      {
        "condition": "minecraft:reference",
        "name": "florcraft:item/holding_elem_axe"
      },
      {
        "condition": "minecraft:reference",
        "name": "florcraft:item/holding_elem_sword"
      }
    ]
  }
]
