{
	"credit": "Made with Blockbench",
	"textures": {
		"1": "florcraft:model/mastery_circlet"
	},
	"elements": [
		{
			"from": [3, 10, 3],
			"to": [13, 11, 4],
			"faces": {
				"north": {"uv": [0, 0, 10, 1], "texture": "#1"},
				"east": {"uv": [11, 0, 12, 1], "texture": "#1"},
				"south": {"uv": [0, 2, 10, 3], "texture": "#1"},
				"west": {"uv": [10, 0, 11, 1], "texture": "#1"},
				"up": {"uv": [0, 1, 10, 2], "texture": "#1"},
				"down": {"uv": [0, 3, 10, 4], "texture": "#1"}
			}
		},
		{
			"from": [9.33269, 11.43681, 3.01],
			"to": [14.33269, 12.43681, 4.01],
			"rotation": {"angle": 22.5, "axis": "z", "origin": [11.83269, 11.93681, 3.51]},
			"faces": {
				"north": {"uv": [0, 0, 5, 1], "texture": "#1"},
				"east": {"uv": [11, 0, 12, 1], "texture": "#1"},
				"south": {"uv": [0, 2, 5, 3], "texture": "#1"},
				"west": {"uv": [10, 0, 11, 1], "texture": "#1"},
				"up": {"uv": [0, 1, 5, 2], "texture": "#1"},
				"down": {"uv": [0, 3, 5, 4], "texture": "#1"}
			}
		},
		{
			"from": [1.58269, 11.43681, 3.01],
			"to": [6.58269, 12.43681, 4.01],
			"rotation": {"angle": -22.5, "axis": "z", "origin": [4.08269, 11.93681, 3.51]},
			"faces": {
				"north": {"uv": [0, 0, 5, 1], "texture": "#1"},
				"east": {"uv": [11, 0, 12, 1], "texture": "#1"},
				"south": {"uv": [0, 2, 5, 3], "texture": "#1"},
				"west": {"uv": [10, 0, 11, 1], "texture": "#1"},
				"up": {"uv": [0, 1, 5, 2], "texture": "#1"},
				"down": {"uv": [0, 3, 5, 4], "texture": "#1"}
			}
		},
		{
			"from": [3, 10, 4],
			"to": [4, 11, 12],
			"faces": {
				"north": {"uv": [10, 0, 11, 1], "texture": "#1"},
				"east": {"uv": [0, 0, 8, 1], "texture": "#1"},
				"south": {"uv": [11, 0, 12, 1], "texture": "#1"},
				"west": {"uv": [0, 2, 8, 3], "texture": "#1"},
				"up": {"uv": [0, 1, 8, 2], "rotation": 90, "texture": "#1"},
				"down": {"uv": [0, 3, 8, 4], "rotation": 270, "texture": "#1"}
			}
		},
		{
			"from": [12, 10, 4],
			"to": [13, 11, 12],
			"faces": {
				"north": {"uv": [10, 0, 11, 1], "texture": "#1"},
				"east": {"uv": [0, 0, 8, 1], "texture": "#1"},
				"south": {"uv": [11, 0, 12, 1], "texture": "#1"},
				"west": {"uv": [0, 2, 8, 3], "texture": "#1"},
				"up": {"uv": [0, 1, 8, 2], "rotation": 90, "texture": "#1"},
				"down": {"uv": [0, 3, 8, 4], "rotation": 270, "texture": "#1"}
			}
		},
		{
			"from": [7, 11, 3],
			"to": [9, 13, 5],
			"faces": {
				"north": {"uv": [4, 4, 6, 6], "texture": "#1"},
				"east": {"uv": [4, 4, 6, 6], "texture": "#1"},
				"south": {"uv": [4, 4, 6, 6], "texture": "#1"},
				"west": {"uv": [4, 4, 6, 6], "texture": "#1"},
				"up": {"uv": [4, 4, 6, 6], "texture": "#1"},
				"down": {"uv": [4, 4, 6, 6], "texture": "#1"}
			}
		}
	],
	"display": {
		"thirdperson_righthand": {
			"rotation": [45, 45, 0],
			"scale": [0.5, 0.5, 0.5]
		},
		"firstperson_righthand": {
			"scale": [0.5, 0.5, 0.5]
		},
		"firstperson_lefthand": {
			"scale": [0.5, 0.5, 0.5]
		},
		"ground": {
			"scale": [0.5, 0.5, 0.5]
		},
		"gui": {
			"rotation": [30, -135, 0]
		},
		"head": {
			"scale": [1.5, 1.5, 1.5]
		},
		"fixed": {
			"rotation": [-75, 0, 0]
		}
	}
}