{
  "type": "minecraft:block",
  "pools": [
    {
      "rolls": 1,
      "entries": [
        {
          "type": "minecraft:loot_table",
          "name": "florcraft:item/verdant_essence",
          "conditions": [
            {
              "condition": "minecraft:reference",
              "name": "florcraft:location/verdant"
            },
            {
              "condition": "minecraft:table_bonus",
              "enchantment": "minecraft:fortune",
              "chances": [
                0.02,
                0.022222223,
                0.025,
                0.033333335,
                0.1
              ]
            }
          ]
        }
      ],
      "conditions": [
        {
          "condition": "minecraft:match_tool",
          "predicate": {
            "nbt": "{flor_dat:{druidic_scepter:1b}}"
          }
        }
      ]
    },
    {
      "rolls": 1,
      "entries": [
        {
          "type": "minecraft:loot_table",
          "name": "florcraft:item/aqueous_essence",
          "conditions": [
            {
              "condition": "minecraft:reference",
              "name": "florcraft:location/aqueous"
            },
            {
              "condition": "minecraft:table_bonus",
              "enchantment": "minecraft:fortune",
              "chances": [
                0.02,
                0.022222223,
                0.025,
                0.033333335,
                0.1
              ]
            }
          ]
        }
      ],
      "conditions": [
        {
          "condition": "minecraft:match_tool",
          "predicate": {
            "nbt": "{flor_dat:{druidic_scepter:1b}}"
          }
        }
      ]
    },
    {
      "rolls": 1,
      "entries": [
        {
          "type": "minecraft:loot_table",
          "name": "florcraft:item/arid_essence",
          "conditions": [
            {
              "condition": "minecraft:reference",
              "name": "florcraft:location/arid"
            },
            {
              "condition": "minecraft:table_bonus",
              "enchantment": "minecraft:fortune",
              "chances": [
                0.02,
                0.022222223,
                0.025,
                0.033333335,
                0.1
              ]
            }
          ]
        }
      ],
      "conditions": [
        {
          "condition": "minecraft:match_tool",
          "predicate": {
            "nbt": "{flor_dat:{druidic_scepter:1b}}"
          }
        }
      ]
    },
    {
      "rolls": 1,
      "entries": [
        {
          "type": "minecraft:alternatives",
          "children": [
            {
              "type": "minecraft:item",
              "name": "minecraft:birch_leaves",
              "conditions": [
                {
                  "condition": "minecraft:alternative",
                  "terms": [
                    {
                      "condition": "minecraft:match_tool",
                      "predicate": {
                        "items": ["minecraft:shears"]
                      }
                    },
                    {
                      "condition": "minecraft:match_tool",
                      "predicate": {
                        "enchantments": [
                          {
                            "enchantment": "minecraft:silk_touch",
                            "levels": {
                              "min": 1
                            }
                          }
                        ]
                      }
                    }
                  ]
                }
              ]
            },
            {
              "type": "minecraft:item",
              "name": "minecraft:birch_sapling",
              "conditions": [
                {
                  "condition": "minecraft:inverted",
                  "term": {
                      "condition": "minecraft:match_tool",
                      "predicate": {
                        "nbt": "{flor_dat:{druidic_scepter:1b}}"
                      }
                  }
                },
                {
                  "condition": "minecraft:survives_explosion"
                },
                {
                  "condition": "minecraft:table_bonus",
                  "enchantment": "minecraft:fortune",
                  "chances": [
                    0.05,
                    0.0625,
                    0.083333336,
                    0.1
                  ]
                }
              ]
            }
          ]
        }
      ]
    },
    {
      "rolls": 1,
      "entries": [
        {
          "type": "minecraft:item",
          "name": "minecraft:stick",
          "functions": [
            {
              "function": "minecraft:set_count",
              "count": {
                "min": 1,
                "max": 2
              }
            },
            {
              "function": "minecraft:explosion_decay"
            }
          ],
          "conditions": [
            {
              "condition": "minecraft:table_bonus",
              "enchantment": "minecraft:fortune",
              "chances": [
                0.02,
                0.022222223,
                0.025,
                0.033333335,
                0.1
              ]
            }
          ]
        }
      ],
      "conditions": [
        {
          "condition": "minecraft:inverted",
          "term": {
            "condition": "minecraft:alternative",
            "terms": [
              {
                "condition": "minecraft:match_tool",
                "predicate": {
                  "nbt": "{flor_dat:{druidic_scepter:1b}}"
                }
              },
              {
                "condition": "minecraft:match_tool",
                "predicate": {
                  "items": ["minecraft:shears"]
                }
              },
              {
                "condition": "minecraft:match_tool",
                "predicate": {
                  "enchantments": [
                    {
                      "enchantment": "minecraft:silk_touch",
                      "levels": {
                        "min": 1
                      }
                    }
                  ]
                }
              }
            ]
          }
        }
      ]
    }
  ]
}