{
  "type": "minecraft:block",
  "pools": [
    {
      "rolls": 1,
      "entries": [
        {
          "type": "minecraft:item",
          "name": "minecraft:gold_nugget",
          "functions": [
            {
              "function": "minecraft:set_count",
              "count": {
                "min": 1,
                "max": 3
              }
            }
          ]
        },
        {
          "type": "minecraft:item",
          "name": "minecraft:iron_nugget",
          "functions": [
            {
              "function": "minecraft:set_count",
              "count": {
                "min": 2,
                "max": 5
              }
            }
          ]
        }
      ],
      "conditions": [
        {
          "condition": "minecraft:table_bonus",
          "enchantment": "minecraft:fortune",
          "chances": [
            0.01,
            0.015,
            0.02,
            0.025
          ]
        },
        {
          "condition": "minecraft:match_tool",
          "predicate": {
            "nbt": "{flor_dat:{fortunate_seeker_shovel:1b}}"
          }
        }
      ]
    },
    {
      "rolls": 1,
      "entries": [
        {
          "type": "minecraft:item",
          "name": "minecraft:dirt"
        }
      ],
      "conditions": [
        {
          "condition": "minecraft:inverted",
          "term": {
            "condition": "minecraft:match_tool",
            "predicate": {
              "nbt": "{flor_dat:{fortunate_seeker_shovel:1b}}"
            }
          }
        },
        {
          "condition": "minecraft:survives_explosion"
        }
      ]
    }
  ]
}