{
	"credit": "Made with Blockbench",
	"texture_size": [32, 48],
	"textures": {
		"0": "florcraft:entity/aqueous_guardian",
		"particle": "florcraft:entity/aqueous_guardian"
	},
	"elements": [
		{
			"from": [4, 6, 6],
			"to": [12, 18, 10],
			"faces": {
				"north": {"uv": [0, 5.33333, 4, 9.33333], "texture": "#0"},
				"east": {"uv": [6, 5.33333, 4, 9.33333], "texture": "#0"},
				"south": {"uv": [0, 5.33333, 4, 9.33333], "texture": "#0"},
				"west": {"uv": [4, 5.33333, 6, 9.33333], "texture": "#0"},
				"up": {"uv": [0, 9.33333, 4, 10.66667], "texture": "#0"},
				"down": {"uv": [4, 9.33333, 8, 10.66667], "texture": "#0"}
			}
		},
		{
			"from": [14, 7, 5],
			"to": [16, 17, 10],
			"faces": {
				"north": {"uv": [11, 5.66667, 12, 9], "texture": "#0"},
				"east": {"uv": [12, 5.66667, 14, 9], "texture": "#0"},
				"south": {"uv": [12, 5.66667, 11, 9], "texture": "#0"},
				"west": {"uv": [14, 3.66667, 16, 7], "texture": "#0"},
				"up": {"uv": [14, 7.66667, 15, 9], "texture": "#0"},
				"down": {"uv": [13, 4.33333, 14, 5.66667], "texture": "#0"}
			}
		},
		{
			"from": [7, 5, 5],
			"to": [9, 12, 11],
			"rotation": {"angle": 0, "axis": "y", "origin": [7, 7, 5]},
			"faces": {
				"north": {"uv": [6, 5.33333, 7, 7.66667], "texture": "#0"},
				"east": {"uv": [10, 5.33333, 7, 7.66667], "texture": "#0"},
				"south": {"uv": [6, 5.33333, 7, 7.66667], "texture": "#0"},
				"west": {"uv": [7, 5.33333, 10, 7.66667], "texture": "#0"},
				"up": {"uv": [0, 0, 1, 2], "texture": "#missing"},
				"down": {"uv": [10, 5.33333, 11, 7.33333], "texture": "#0"}
			}
		},
		{
			"from": [5, 12, 5],
			"to": [11, 14, 11],
			"rotation": {"angle": 0, "axis": "y", "origin": [7, 14, 5]},
			"faces": {
				"north": {"uv": [6, 7.66667, 9, 8.33333], "texture": "#0"},
				"east": {"uv": [9, 8.66667, 6, 9.33333], "texture": "#0"},
				"south": {"uv": [6, 7.66667, 9, 8.33333], "texture": "#0"},
				"west": {"uv": [6, 8.66667, 9, 9.33333], "texture": "#0"},
				"up": {"uv": [9, 8.66667, 12, 10.66667], "texture": "#0"},
				"down": {"uv": [9, 8.66667, 12, 10.66667], "texture": "#0"}
			}
		},
		{
			"from": [9, 14, 5],
			"to": [11, 19, 11],
			"rotation": {"angle": 0, "axis": "y", "origin": [7, 16, 5]},
			"faces": {
				"north": {"uv": [12, 9, 13, 10.66667], "texture": "#0"},
				"east": {"uv": [13, 9, 16, 10.66667], "texture": "#0"},
				"south": {"uv": [13, 9, 12, 10.66667], "texture": "#0"},
				"west": {"uv": [16, 9, 13, 10.66667], "texture": "#0"},
				"up": {"uv": [15, 7, 16, 9], "texture": "#0"},
				"down": {"uv": [0, 0, 1, 2], "texture": "#missing"}
			}
		},
		{
			"from": [5, 14, 5],
			"to": [7, 19, 11],
			"rotation": {"angle": 0, "axis": "y", "origin": [9, 16, 5]},
			"faces": {
				"north": {"uv": [13, 9, 12, 10.66667], "texture": "#0"},
				"east": {"uv": [13, 9, 16, 10.66667], "texture": "#0"},
				"south": {"uv": [12, 9, 13, 10.66667], "texture": "#0"},
				"west": {"uv": [16, 9, 13, 10.66667], "texture": "#0"},
				"up": {"uv": [16, 7, 15, 9], "texture": "#0"},
				"down": {"uv": [1, 0, 0, 2], "texture": "#missing"}
			}
		},
		{
			"from": [15, 10, 4],
			"to": [17, 12, 11],
			"faces": {
				"north": {"uv": [3.5, 10.66667, 4.5, 11.33333], "texture": "#0"},
				"east": {"uv": [0, 10.66667, 3.5, 11.33333], "texture": "#0"},
				"south": {"uv": [4.5, 10.66667, 3.5, 11.33333], "texture": "#0"},
				"west": {"uv": [1, 11.33333, 4.5, 12], "texture": "#0"},
				"up": {"uv": [0, 11.33333, 1, 13.66667], "texture": "#0"},
				"down": {"uv": [0, 13.66667, 1, 11.33333], "texture": "#0"}
			}
		},
		{
			"from": [13, 13, 4],
			"to": [15, 15, 11],
			"rotation": {"angle": 0, "axis": "y", "origin": [16, 0, 0]},
			"faces": {
				"north": {"uv": [4.5, 10.66667, 3.5, 11.33333], "texture": "#0"},
				"east": {"uv": [4.5, 11.33333, 1, 12], "texture": "#0"},
				"south": {"uv": [3.5, 10.66667, 4.5, 11.33333], "texture": "#0"},
				"west": {"uv": [3.5, 10.66667, 0, 11.33333], "texture": "#0"},
				"up": {"uv": [1, 11.33333, 0, 13.66667], "texture": "#0"},
				"down": {"uv": [1, 13.66667, 0, 11.33333], "texture": "#0"}
			}
		},
		{
			"from": [1, 13, 4],
			"to": [3, 15, 11],
			"faces": {
				"north": {"uv": [3.5, 10.66667, 4.5, 11.33333], "texture": "#0"},
				"east": {"uv": [0, 10.66667, 3.5, 11.33333], "texture": "#0"},
				"south": {"uv": [4.5, 10.66667, 3.5, 11.33333], "texture": "#0"},
				"west": {"uv": [1, 11.33333, 4.5, 12], "texture": "#0"},
				"up": {"uv": [0, 11.33333, 1, 13.66667], "texture": "#0"},
				"down": {"uv": [0, 13.66667, 1, 11.33333], "texture": "#0"}
			}
		},
		{
			"from": [0, 7, 5],
			"to": [2, 17, 10],
			"rotation": {"angle": 0, "axis": "y", "origin": [16, 0, 0]},
			"faces": {
				"north": {"uv": [12, 5.66667, 11, 9], "texture": "#0"},
				"east": {"uv": [16, 3.66667, 14, 7], "texture": "#0"},
				"south": {"uv": [11, 5.66667, 12, 9], "texture": "#0"},
				"west": {"uv": [14, 5.66667, 12, 9], "texture": "#0"},
				"up": {"uv": [15, 7.66667, 14, 9], "texture": "#0"},
				"down": {"uv": [14, 4.33333, 13, 5.66667], "texture": "#0"}
			}
		},
		{
			"from": [-1, 10, 4],
			"to": [1, 12, 11],
			"rotation": {"angle": 0, "axis": "y", "origin": [16, 0, 0]},
			"faces": {
				"north": {"uv": [4.5, 10.66667, 3.5, 11.33333], "texture": "#0"},
				"east": {"uv": [4.5, 11.33333, 1, 12], "texture": "#0"},
				"south": {"uv": [3.5, 10.66667, 4.5, 11.33333], "texture": "#0"},
				"west": {"uv": [3.5, 10.66667, 0, 11.33333], "texture": "#0"},
				"up": {"uv": [1, 11.33333, 0, 13.66667], "texture": "#0"},
				"down": {"uv": [1, 13.66667, 0, 11.33333], "texture": "#0"}
			}
		}
	],
	"display": {
		"ground": {
			"rotation": [0, -180, 0],
			"translation": [0, -3.5, -6.4]
		}
	}
}