{
	"credit": "Made with Blockbench",
	"texture_size": [32, 48],
	"textures": {
		"0": "florcraft:entity/aqueous_guardian",
		"particle": "florcraft:entity/aqueous_guardian"
	},
	"elements": [
		{
			"from": [4, 18, 4],
			"to": [12, 26, 12],
			"faces": {
				"north": {"uv": [4, 2.66667, 8, 5.33333], "texture": "#0"},
				"east": {"uv": [0, 2.66667, 4, 5.33333], "texture": "#0"},
				"south": {"uv": [8, 0, 12, 2.66667], "texture": "#0"},
				"west": {"uv": [4, 2.66667, 0, 5.33333], "texture": "#0"},
				"up": {"uv": [4, 0, 8, 2.66667], "texture": "#0"},
				"down": {"uv": [0, 0, 4, 2.66667], "texture": "#0"}
			}
		},
		{
			"from": [6, 20, 3],
			"to": [10, 23, 5],
			"rotation": {"angle": 0, "axis": "y", "origin": [7, 21, 3]},
			"faces": {
				"north": {"uv": [8, 2.66667, 10, 3.66667], "texture": "#0"},
				"east": {"uv": [11, 2.66667, 10, 3.66667], "texture": "#0"},
				"south": {"uv": [0, 0, 2, 1.5], "texture": "#missing"},
				"west": {"uv": [10, 2.66667, 11, 3.66667], "texture": "#0"},
				"up": {"uv": [8, 3.66667, 10, 4.33333], "texture": "#0"},
				"down": {"uv": [8, 4.33333, 10, 5], "texture": "#0"}
			}
		},
		{
			"from": [9, 23, 3],
			"to": [11, 27, 5],
			"rotation": {"angle": 0, "axis": "y", "origin": [10, 25, 3]},
			"faces": {
				"north": {"uv": [12, 0, 13, 1.33333], "texture": "#0"},
				"east": {"uv": [12, 1.33333, 13, 2.66667], "texture": "#0"},
				"south": {"uv": [14, 0, 15, 1.33333], "texture": "#0"},
				"west": {"uv": [13, 1.33333, 12, 2.66667], "texture": "#0"},
				"up": {"uv": [13, 0, 14, 0.66667], "texture": "#0"},
				"down": {"uv": [13, 0.66667, 14, 1.33333], "texture": "#0"}
			}
		},
		{
			"from": [5, 23, 3],
			"to": [7, 27, 5],
			"rotation": {"angle": 0, "axis": "y", "origin": [6, 25, 3]},
			"faces": {
				"north": {"uv": [13, 0, 12, 1.33333], "texture": "#0"},
				"east": {"uv": [12, 1.33333, 13, 2.66667], "texture": "#0"},
				"south": {"uv": [15, 0, 14, 1.33333], "texture": "#0"},
				"west": {"uv": [13, 1.33333, 12, 2.66667], "texture": "#0"},
				"up": {"uv": [14, 0, 13, 0.66667], "texture": "#0"},
				"down": {"uv": [14, 0.66667, 13, 1.33333], "texture": "#0"}
			}
		},
		{
			"from": [7, 17, 3],
			"to": [9, 20, 5],
			"rotation": {"angle": 0, "axis": "y", "origin": [7, 18, 3]},
			"faces": {
				"north": {"uv": [10.5, 2.66667, 11.5, 3.66667], "texture": "#0"},
				"east": {"uv": [12.5, 2.66667, 11.5, 3.66667], "texture": "#0"},
				"south": {"uv": [11.5, 3.66667, 12.5, 4.66667], "texture": "#0"},
				"west": {"uv": [11.5, 2.66667, 12.5, 3.66667], "texture": "#0"},
				"up": {"uv": [0, 0, 1, 1], "texture": "#missing"},
				"down": {"uv": [10.5, 3.66667, 11.5, 4.33333], "texture": "#0"}
			}
		}
	],
	"display": {
		"head": {
			"translation": [0, -22.601, 0],
			"scale": [1.601, 1.601, 1.601]
		}
	}
}