{
	"credit": "Made with Blockbench",
	"texture_size": [32, 32],
	"textures": {
		"0": "florcraft:entity/arid_guardian",
		"particle": "florcraft:entity/arid_guardian"
	},
	"elements": [
		{
			"from": [4, 18, 4],
			"to": [12, 26, 12],
			"faces": {
				"north": {"uv": [4, 4, 8, 8], "texture": "#0"},
				"east": {"uv": [0, 4, 4, 8], "texture": "#0"},
				"south": {"uv": [8, 0, 12, 4], "texture": "#0"},
				"west": {"uv": [4, 4, 0, 8], "texture": "#0"},
				"up": {"uv": [4, 0, 8, 4], "texture": "#0"},
				"down": {"uv": [0, 0, 4, 4], "texture": "#0"}
			}
		},
		{
			"from": [6, 17, 3],
			"to": [10, 20, 5],
			"faces": {
				"north": {"uv": [12, 0, 14, 1.5], "texture": "#0"},
				"east": {"uv": [14, 0, 15, 1.5], "texture": "#0"},
				"south": {"uv": [12, 2.5, 14, 4], "texture": "#0"},
				"west": {"uv": [15, 0, 14, 1.5], "texture": "#0"},
				"up": {"uv": [0, 0, 2, 1], "texture": "#missing"},
				"down": {"uv": [12, 1.5, 14, 2.5], "texture": "#0"}
			}
		},
		{
			"from": [5, 20, 3],
			"to": [11, 25, 5],
			"faces": {
				"north": {"uv": [9, 4, 12, 6.5], "texture": "#0"},
				"east": {"uv": [8, 5, 9, 7.5], "texture": "#0"},
				"south": {"uv": [0, 0, 3, 2.5], "texture": "#missing"},
				"west": {"uv": [9, 5, 8, 7.5], "texture": "#0"},
				"up": {"uv": [9, 6.5, 12, 7.5], "texture": "#0"},
				"down": {"uv": [8, 7.5, 11, 8.5], "texture": "#0"}
			}
		},
		{
			"from": [9, 25, 3],
			"to": [11, 27, 5],
			"faces": {
				"north": {"uv": [8, 4, 9, 5], "texture": "#0"},
				"east": {"uv": [8, 4, 9, 5], "rotation": 90, "texture": "#0"},
				"south": {"uv": [8, 4, 9, 5], "texture": "#0"},
				"west": {"uv": [8, 4, 9, 5], "rotation": 90, "texture": "#0"},
				"up": {"uv": [8, 4, 9, 5], "rotation": 90, "texture": "#0"},
				"down": {"uv": [8, 4, 9, 5], "texture": "#0"}
			}
		},
		{
			"from": [5, 25, 3],
			"to": [7, 27, 5],
			"faces": {
				"north": {"uv": [8, 4, 9, 5], "texture": "#0"},
				"east": {"uv": [8, 4, 9, 5], "rotation": 90, "texture": "#0"},
				"south": {"uv": [8, 4, 9, 5], "texture": "#0"},
				"west": {"uv": [8, 4, 9, 5], "rotation": 90, "texture": "#0"},
				"up": {"uv": [8, 4, 9, 5], "rotation": 90, "texture": "#0"},
				"down": {"uv": [8, 4, 9, 5], "texture": "#0"}
			}
		}
	],
	"display": {
		"head": {
			"translation": [0, -22.601, 0],
			"scale": [1.601, 1.601, 1.601]
		}
	}
}