{
	"credit": "Made with Blockbench",
	"texture_size": [32, 32],
	"textures": {
		"0": "florcraft:entity/arid_guardian",
		"particle": "florcraft:entity/arid_guardian"
	},
	"elements": [
		{
			"from": [4, 6, 6],
			"to": [12, 18, 10],
			"faces": {
				"north": {"uv": [0, 8, 4, 14], "texture": "#0"},
				"east": {"uv": [6, 8, 4, 14], "texture": "#0"},
				"south": {"uv": [0, 8, 4, 14], "texture": "#0"},
				"west": {"uv": [4, 8, 6, 14], "texture": "#0"},
				"up": {"uv": [0, 14, 4, 16], "texture": "#0"},
				"down": {"uv": [4, 14, 8, 16], "texture": "#0"}
			}
		},
		{
			"from": [9, 8, 5],
			"to": [13, 10, 11],
			"faces": {
				"north": {"uv": [8, 14, 10, 15], "texture": "#0"},
				"east": {"uv": [8, 15, 11, 16], "texture": "#0"},
				"south": {"uv": [10, 14, 8, 15], "texture": "#0"},
				"west": {"uv": [8, 15, 11, 16], "texture": "#0"},
				"up": {"uv": [6, 11, 8, 14], "texture": "#0"},
				"down": {"uv": [6, 11, 8, 14], "texture": "#0"}
			}
		},
		{
			"from": [9, 12, 5],
			"to": [13, 14, 11],
			"faces": {
				"north": {"uv": [8, 14, 10, 15], "texture": "#0"},
				"east": {"uv": [8, 15, 11, 16], "texture": "#0"},
				"south": {"uv": [10, 14, 8, 15], "texture": "#0"},
				"west": {"uv": [8, 15, 11, 16], "texture": "#0"},
				"up": {"uv": [6, 11, 8, 14], "texture": "#0"},
				"down": {"uv": [6, 11, 8, 14], "texture": "#0"}
			}
		},
		{
			"from": [9, 15, 5],
			"to": [11, 19, 11],
			"faces": {
				"north": {"uv": [8, 14, 10, 15], "rotation": 90, "texture": "#0"},
				"east": {"uv": [6, 11, 8, 14], "rotation": 270, "texture": "#0"},
				"south": {"uv": [10, 14, 8, 15], "rotation": 270, "texture": "#0"},
				"west": {"uv": [6, 11, 8, 14], "rotation": 270, "texture": "#0"},
				"up": {"uv": [8, 15, 11, 16], "rotation": 270, "texture": "#0"},
				"down": {"uv": [8, 15, 11, 16], "rotation": 270, "texture": "#0"}
			}
		},
		{
			"from": [7, 10, 5],
			"to": [3, 8, 11],
			"faces": {
				"north": {"uv": [8, 15, 10, 14], "texture": "#0"},
				"east": {"uv": [8, 16, 11, 15], "texture": "#0"},
				"south": {"uv": [10, 15, 8, 14], "texture": "#0"},
				"west": {"uv": [8, 15, 11, 16], "texture": "#0"},
				"up": {"uv": [6, 11, 8, 14], "texture": "#0"},
				"down": {"uv": [6, 11, 8, 14], "texture": "#0"}
			}
		},
		{
			"from": [7, 14, 5],
			"to": [3, 12, 11],
			"faces": {
				"north": {"uv": [8, 15, 10, 14], "texture": "#0"},
				"east": {"uv": [8, 16, 11, 15], "texture": "#0"},
				"south": {"uv": [10, 15, 8, 14], "texture": "#0"},
				"west": {"uv": [8, 15, 11, 16], "texture": "#0"},
				"up": {"uv": [6, 11, 8, 14], "texture": "#0"},
				"down": {"uv": [6, 11, 8, 14], "texture": "#0"}
			}
		},
		{
			"from": [7, 19, 5],
			"to": [5, 15, 11],
			"faces": {
				"north": {"uv": [8, 15, 10, 14], "rotation": 270, "texture": "#0"},
				"east": {"uv": [6, 11, 8, 14], "rotation": 90, "texture": "#0"},
				"south": {"uv": [10, 15, 8, 14], "rotation": 90, "texture": "#0"},
				"west": {"uv": [6, 11, 8, 14], "rotation": 90, "texture": "#0"},
				"up": {"uv": [8, 15, 11, 16], "rotation": 90, "texture": "#0"},
				"down": {"uv": [8, 16, 11, 15], "rotation": 90, "texture": "#0"}
			}
		},
		{
			"from": [6, 17, 9.001],
			"to": [10, 20, 11.001],
			"faces": {
				"north": {"uv": [8, 11, 10, 12.5], "texture": "#0"},
				"east": {"uv": [11, 13.5, 10, 15], "texture": "#0"},
				"south": {"uv": [8, 12.5, 10, 14], "texture": "#0"},
				"west": {"uv": [10, 13.5, 11, 15], "texture": "#0"},
				"up": {"uv": [8, 10, 10, 11], "texture": "#0"},
				"down": {"uv": [11, 15, 13, 16], "texture": "#0"}
			}
		},
		{
			"from": [14, 23, 9],
			"to": [16, 27, 19],
			"rotation": {"angle": 45, "axis": "x", "origin": [0, 33, 2]},
			"faces": {
				"north": {"uv": [12.5, 8, 13.5, 10], "rotation": 180, "texture": "#0"},
				"east": {"uv": [12, 10, 14, 15], "rotation": 270, "texture": "#0"},
				"south": {"uv": [11.5, 8, 12.5, 10], "texture": "#0"},
				"west": {"uv": [14, 10, 16, 15], "rotation": 90, "texture": "#0"},
				"up": {"uv": [11, 10, 12, 15], "rotation": 180, "texture": "#0"},
				"down": {"uv": [11, 10, 12, 15], "texture": "#0"}
			}
		},
		{
			"from": [16, 23, 13],
			"to": [17, 27, 15],
			"rotation": {"angle": 45, "axis": "x", "origin": [0, 33, 2]},
			"faces": {
				"north": {"uv": [15, 8, 15.5, 10], "rotation": 180, "texture": "#0"},
				"east": {"uv": [12, 7, 14, 8], "rotation": 270, "texture": "#0"},
				"south": {"uv": [14.5, 8, 15, 10], "texture": "#0"},
				"west": {"uv": [0, 0, 2, 1], "rotation": 90, "texture": "#missing"},
				"up": {"uv": [13.5, 9, 14, 10], "rotation": 180, "texture": "#0"},
				"down": {"uv": [14, 9, 14.5, 10], "texture": "#0"}
			}
		},
		{
			"from": [15, 24, 18],
			"to": [17, 26, 20],
			"rotation": {"angle": 45, "axis": "x", "origin": [0, 33, 2]},
			"faces": {
				"north": {"uv": [15, 7, 16, 8], "rotation": 180, "texture": "#0"},
				"east": {"uv": [12, 6, 13, 7], "rotation": 270, "texture": "#0"},
				"south": {"uv": [14, 6, 15, 7], "texture": "#0"},
				"west": {"uv": [12, 5, 13, 6], "rotation": 90, "texture": "#0"},
				"up": {"uv": [14, 6, 13, 7], "rotation": 180, "texture": "#0"},
				"down": {"uv": [13, 6, 14, 7], "texture": "#0"}
			}
		},
		{
			"from": [13, 24, 16],
			"to": [15, 26, 18],
			"rotation": {"angle": 45, "axis": "x", "origin": [0, 33, 2]},
			"faces": {
				"north": {"uv": [16, 4, 15, 5], "rotation": 180, "texture": "#0"},
				"east": {"uv": [13, 4, 12, 5], "rotation": 270, "texture": "#0"},
				"south": {"uv": [15, 4, 14, 5], "texture": "#0"},
				"west": {"uv": [14, 4, 13, 5], "rotation": 90, "texture": "#0"},
				"up": {"uv": [13, 4, 12, 5], "rotation": 180, "texture": "#0"},
				"down": {"uv": [12, 4, 13, 5], "texture": "#0"}
			}
		},
		{
			"from": [1, 14, 7],
			"to": [3, 16, 9],
			"rotation": {"angle": 0, "axis": "y", "origin": [16, 0, 0]},
			"faces": {
				"north": {"uv": [12, 4, 13, 5], "texture": "#0"},
				"east": {"uv": [13, 4, 14, 5], "texture": "#0"},
				"south": {"uv": [13, 4, 12, 5], "texture": "#0"},
				"west": {"uv": [12, 4, 13, 5], "texture": "#0"},
				"up": {"uv": [14, 4, 15, 5], "texture": "#0"},
				"down": {"uv": [15, 4, 16, 5], "texture": "#0"}
			}
		},
		{
			"from": [0, 7, 6],
			"to": [2, 17, 10],
			"rotation": {"angle": 0, "axis": "y", "origin": [16, 0, 0]},
			"faces": {
				"north": {"uv": [12, 10, 11, 15], "texture": "#0"},
				"east": {"uv": [16, 10, 14, 15], "texture": "#0"},
				"south": {"uv": [12, 10, 11, 15], "texture": "#0"},
				"west": {"uv": [14, 10, 12, 15], "texture": "#0"},
				"up": {"uv": [12.5, 8, 11.5, 10], "texture": "#0"},
				"down": {"uv": [13.5, 8, 12.5, 10], "texture": "#0"}
			}
		},
		{
			"from": [-1, 11, 6],
			"to": [0, 13, 10],
			"rotation": {"angle": 0, "axis": "y", "origin": [16, 0, 0]},
			"faces": {
				"north": {"uv": [14, 9, 13.5, 10], "texture": "#0"},
				"east": {"uv": [2, 0, 0, 1], "texture": "#missing"},
				"south": {"uv": [14.5, 9, 14, 10], "texture": "#0"},
				"west": {"uv": [14, 7, 12, 8], "texture": "#0"},
				"up": {"uv": [15, 8, 14.5, 10], "texture": "#0"},
				"down": {"uv": [15.5, 8, 15, 10], "texture": "#0"}
			}
		},
		{
			"from": [-1, 16, 7],
			"to": [1, 18, 9],
			"rotation": {"angle": 0, "axis": "y", "origin": [16, 0, 0]},
			"faces": {
				"north": {"uv": [13, 6, 14, 7], "texture": "#0"},
				"east": {"uv": [13, 5, 12, 6], "texture": "#0"},
				"south": {"uv": [14, 6, 13, 7], "texture": "#0"},
				"west": {"uv": [13, 6, 12, 7], "texture": "#0"},
				"up": {"uv": [15, 6, 14, 7], "texture": "#0"},
				"down": {"uv": [16, 7, 15, 8], "texture": "#0"}
			}
		}
	],
	"display": {
		"ground": {
			"rotation": [0, -180, 0],
			"translation": [0, -3.5, -6.4]
		}
	}
}