{
	"credit": "Made with Blockbench",
	"texture_size": [32, 32],
	"textures": {
		"0": "florcraft:entity/verdant_guardian",
		"particle": "florcraft:entity/verdant_guardian"
	},
	"elements": [
		{
			"from": [4, 18, 4],
			"to": [12, 26, 12],
			"faces": {
				"north": {"uv": [4, 4, 8, 8], "texture": "#0"},
				"east": {"uv": [0, 4, 4, 8], "texture": "#0"},
				"south": {"uv": [8, 0, 12, 4], "texture": "#0"},
				"west": {"uv": [4, 4, 0, 8], "texture": "#0"},
				"up": {"uv": [4, 0, 8, 4], "texture": "#0"},
				"down": {"uv": [0, 0, 4, 4], "texture": "#0"}
			}
		},
		{
			"from": [3, 20, 3],
			"to": [13, 24, 5],
			"faces": {
				"north": {"uv": [0, 8, 5, 10], "texture": "#0"},
				"east": {"uv": [6, 8, 5, 10], "texture": "#0"},
				"south": {"uv": [0, 10, 5, 12], "texture": "#0"},
				"west": {"uv": [5, 8, 6, 10], "texture": "#0"},
				"up": {"uv": [0, 12, 5, 13], "texture": "#0"},
				"down": {"uv": [0, 13, 5, 12], "texture": "#0"}
			}
		},
		{
			"from": [9, 24, 3],
			"to": [11, 27, 5],
			"faces": {
				"north": {"uv": [0, 13, 1, 14.5], "texture": "#0"},
				"east": {"uv": [1, 13, 2, 14.5], "texture": "#0"},
				"south": {"uv": [1, 14.5, 2, 16], "texture": "#0"},
				"west": {"uv": [2, 13, 1, 14.5], "texture": "#0"},
				"up": {"uv": [0, 14.5, 1, 15.5], "texture": "#0"},
				"down": {"uv": [0, 0, 1, 1], "texture": "#missing"}
			}
		},
		{
			"from": [5, 24, 3],
			"to": [7, 27, 5],
			"rotation": {"angle": 0, "axis": "y", "origin": [16, 0, 0]},
			"faces": {
				"north": {"uv": [1, 13, 0, 14.5], "texture": "#0"},
				"east": {"uv": [1, 13, 2, 14.5], "texture": "#0"},
				"south": {"uv": [2, 14.5, 1, 16], "texture": "#0"},
				"west": {"uv": [2, 13, 1, 14.5], "texture": "#0"},
				"up": {"uv": [1, 14.5, 0, 15.5], "texture": "#0"},
				"down": {"uv": [1, 0, 0, 1], "texture": "#missing"}
			}
		}
	],
	"display": {
		"head": {
			"translation": [0, -22.601, 0],
			"scale": [1.601, 1.601, 1.601]
		}
	}
}