{
	"credit": "Made with Blockbench",
	"texture_size": [32, 32],
	"textures": {
		"0": "florcraft:entity/verdant_guardian",
		"particle": "florcraft:entity/verdant_guardian"
	},
	"elements": [
		{
			"from": [4, 6, 6],
			"to": [12, 18, 10],
			"faces": {
				"north": {"uv": [8, 4, 12, 10], "texture": "#0"},
				"east": {"uv": [14, 0, 12, 6], "texture": "#0"},
				"south": {"uv": [8, 4, 12, 10], "texture": "#0"},
				"west": {"uv": [12, 0, 14, 6], "texture": "#0"},
				"up": {"uv": [8, 12, 12, 14], "texture": "#0"},
				"down": {"uv": [8, 10, 12, 12], "texture": "#0"}
			}
		},
		{
			"from": [14, 7, 6],
			"to": [16, 17, 10],
			"faces": {
				"north": {"uv": [12, 6, 13, 11], "texture": "#0"},
				"east": {"uv": [12, 11, 14, 16], "texture": "#0"},
				"south": {"uv": [13, 6, 12, 11], "texture": "#0"},
				"west": {"uv": [14, 11, 16, 16], "texture": "#0"},
				"up": {"uv": [15, 9, 16, 11], "texture": "#0"},
				"down": {"uv": [14, 9, 15, 11], "texture": "#0"}
			}
		},
		{
			"from": [9, 15, 5],
			"to": [13, 17, 11],
			"faces": {
				"north": {"uv": [14, 3, 16, 4], "texture": "#0"},
				"east": {"uv": [2, 14, 5, 15], "texture": "#0"},
				"south": {"uv": [16, 3, 14, 4], "texture": "#0"},
				"west": {"uv": [1, 15, 4, 16], "texture": "#0"},
				"up": {"uv": [14, 0, 16, 3], "texture": "#0"},
				"down": {"uv": [14, 3, 16, 0], "texture": "#0"}
			}
		},
		{
			"from": [3, 15, 5],
			"to": [7, 17, 11],
			"rotation": {"angle": 0, "axis": "y", "origin": [16, 0, 0]},
			"faces": {
				"north": {"uv": [16, 3, 14, 4], "texture": "#0"},
				"east": {"uv": [4, 15, 1, 16], "texture": "#0"},
				"south": {"uv": [14, 3, 16, 4], "texture": "#0"},
				"west": {"uv": [5, 14, 2, 15], "texture": "#0"},
				"up": {"uv": [16, 0, 14, 3], "texture": "#0"},
				"down": {"uv": [16, 3, 14, 0], "texture": "#0"}
			}
		},
		{
			"from": [9, 8, 5],
			"to": [11, 15, 11],
			"faces": {
				"north": {"uv": [6, 8, 7, 11.5], "texture": "#0"},
				"east": {"uv": [8, 11.5, 5, 15], "texture": "#0"},
				"south": {"uv": [7, 8, 6, 11.5], "texture": "#0"},
				"west": {"uv": [5, 11.5, 8, 15], "texture": "#0"},
				"up": {"uv": [0, 0, 1, 3], "texture": "#missing"},
				"down": {"uv": [13, 8, 14, 11], "texture": "#0"}
			}
		},
		{
			"from": [5, 8, 5],
			"to": [7, 15, 11],
			"rotation": {"angle": 0, "axis": "y", "origin": [16, 0, 0]},
			"faces": {
				"north": {"uv": [7, 8, 6, 11.5], "texture": "#0"},
				"east": {"uv": [8, 11.5, 5, 15], "texture": "#0"},
				"south": {"uv": [6, 8, 7, 11.5], "texture": "#0"},
				"west": {"uv": [5, 11.5, 8, 15], "texture": "#0"},
				"up": {"uv": [1, 0, 0, 3], "texture": "#missing"},
				"down": {"uv": [14, 8, 13, 11], "texture": "#0"}
			}
		},
		{
			"from": [13, 12, 7],
			"to": [17, 14, 9],
			"faces": {
				"north": {"uv": [8, 14, 10, 15], "texture": "#0"},
				"east": {"uv": [7, 8, 8, 9], "texture": "#0"},
				"south": {"uv": [8, 15, 10, 16], "texture": "#0"},
				"west": {"uv": [7, 9, 8, 10], "texture": "#0"},
				"up": {"uv": [10, 14, 12, 15], "texture": "#0"},
				"down": {"uv": [10, 15, 12, 16], "texture": "#0"}
			}
		},
		{
			"from": [0, 7, 6],
			"to": [2, 17, 10],
			"rotation": {"angle": 0, "axis": "y", "origin": [16, 0, 0]},
			"faces": {
				"north": {"uv": [13, 6, 12, 11], "texture": "#0"},
				"east": {"uv": [16, 11, 14, 16], "texture": "#0"},
				"south": {"uv": [12, 6, 13, 11], "texture": "#0"},
				"west": {"uv": [14, 11, 12, 16], "texture": "#0"},
				"up": {"uv": [16, 9, 15, 11], "texture": "#0"},
				"down": {"uv": [15, 9, 14, 11], "texture": "#0"}
			}
		},
		{
			"from": [-1, 12, 7],
			"to": [3, 14, 9],
			"rotation": {"angle": 0, "axis": "y", "origin": [16, 0, 0]},
			"faces": {
				"north": {"uv": [10, 14, 8, 15], "texture": "#0"},
				"east": {"uv": [8, 9, 7, 10], "texture": "#0"},
				"south": {"uv": [10, 15, 8, 16], "texture": "#0"},
				"west": {"uv": [8, 8, 7, 9], "texture": "#0"},
				"up": {"uv": [12, 14, 10, 15], "texture": "#0"},
				"down": {"uv": [12, 15, 10, 16], "texture": "#0"}
			}
		}
	],
	"display": {
		"ground": {
			"rotation": [0, -180, 0],
			"translation": [0, -3.5, -6.4]
		}
	}
}