[
  {
     "condition":"minecraft:alternative",
     "terms":[
        {
           "condition":"minecraft:entity_properties",
           "entity":"this",
           "predicate":{
              "equipment":{
                 "mainhand":{
                    "nbt":"{flor_dat:{reinforced_vessel:1b,fill:0b}}"
                 }
              }
           }
        },
        {
           "condition":"minecraft:inverted",
           "term":{
              "condition":"minecraft:alternative",
              "terms":[
                 {
                    "condition":"minecraft:entity_properties",
                    "entity":"this",
                    "predicate":{
                       "equipment":{
                          "mainhand":{
                             "nbt":"{flor_dat:{reinforced_vessel:1b,fill:100b}}"
                          }
                       }
                    }
                 },
                 {
                    "condition":"minecraft:inverted",
                    "term":{
                       "condition":"minecraft:entity_properties",
                       "entity":"this",
                       "predicate":{
                          "equipment":{
                             "mainhand":{
                                "nbt":"{flor_dat:{reinforced_vessel:1b,ess:\"arid\"}}"
                             }
                          }
                       }
                    }
                 }
              ]
           }
        }
     ]
  }
]