{
  "condition": "minecraft:alternative",
  "terms": [
    {
      "condition": "minecraft:location_check",
      "predicate": {
        "biome": "minecraft:sunflower_plains"
      }
    },
    {
      "condition": "minecraft:location_check",
      "predicate": {
        "biome": "minecraft:plains"
      }
    },
    {
      "condition": "minecraft:location_check",
      "predicate": {
        "biome": "minecraft:taiga_mountains"
      }
    },
    {
      "condition": "minecraft:location_check",
      "predicate": {
        "biome": "minecraft:taiga_hills"
      }
    },
    {
      "condition": "minecraft:location_check",
      "predicate": {
        "biome": "minecraft:taiga"
      }
    },
    {
      "condition": "minecraft:location_check",
      "predicate": {
        "biome": "minecraft:snowy_taiga_mountains"
      }
    },
    {
      "condition": "minecraft:location_check",
      "predicate": {
        "biome": "minecraft:snowy_taiga_hills"
      }
    },
    {
      "condition": "minecraft:location_check",
      "predicate": {
        "biome": "minecraft:snowy_taiga"
      }
    },
    {
      "condition": "minecraft:location_check",
      "predicate": {
        "biome": "minecraft:giant_tree_taiga_hills"
      }
    },
    {
      "condition": "minecraft:location_check",
      "predicate": {
        "biome": "minecraft:giant_tree_taiga"
      }
    },
    {
      "condition": "minecraft:location_check",
      "predicate": {
        "biome": "minecraft:giant_spruce_taiga_hills"
      }
    },
    {
      "condition": "minecraft:location_check",
      "predicate": {
        "biome": "minecraft:giant_spruce_taiga"
      }
    },
    {
      "condition": "minecraft:location_check",
      "predicate": {
        "biome": "minecraft:modified_jungle_edge"
      }
    },
    {
      "condition": "minecraft:location_check",
      "predicate": {
        "biome": "minecraft:modified_jungle"
      }
    },
    {
      "condition": "minecraft:location_check",
      "predicate": {
        "biome": "minecraft:jungle_hills"
      }
    },
    {
      "condition": "minecraft:location_check",
      "predicate": {
        "biome": "minecraft:jungle_edge"
      }
    },
    {
      "condition": "minecraft:location_check",
      "predicate": {
        "biome": "minecraft:jungle"
      }
    },
    {
      "condition": "minecraft:location_check",
      "predicate": {
        "biome": "minecraft:bamboo_jungle_hills"
      }
    },
    {
      "condition": "minecraft:location_check",
      "predicate": {
        "biome": "minecraft:bamboo_jungle"
      }
    },
    {
      "condition": "minecraft:location_check",
      "predicate": {
        "biome": "minecraft:tall_birch_forest"
      }
    },
    {
      "condition": "minecraft:location_check",
      "predicate": {
        "biome": "minecraft:flower_forest"
      }
    },
    {
      "condition": "minecraft:location_check",
      "predicate": {
        "biome": "minecraft:dark_forest_hills"
      }
    },
    {
      "condition": "minecraft:location_check",
      "predicate": {
        "biome": "minecraft:dark_forest"
      }
    },
    {
      "condition": "minecraft:location_check",
      "predicate": {
        "biome": "minecraft:birch_forest_hills"
      }
    },
    {
      "condition": "minecraft:location_check",
      "predicate": {
        "biome": "minecraft:birch_forest"
      }
    },
    {
      "condition": "minecraft:location_check",
      "predicate": {
        "biome": "minecraft:forest"
      }
    },
    {
      "condition": "minecraft:location_check",
      "predicate": {
        "biome": "minecraft:wooded_hills"
      }
    },
    {
      "condition": "minecraft:location_check",
      "predicate": {
        "biome": "minecraft:wooded_mountains"
      }
    },
    { "condition": "minecraft:location_check", "predicate": { "biome": "terralith:alpha_islands" } },
    { "condition": "minecraft:location_check", "predicate": { "biome": "terralith:alpha_islands_beach" } },
    { "condition": "minecraft:location_check", "predicate": { "biome": "terralith:amethyst_rainforest" } },
    { "condition": "minecraft:location_check", "predicate": { "biome": "terralith:amethyst_rainforest_lowlands" } },
    { "condition": "minecraft:location_check", "predicate": { "biome": "terralith:autumnal_forest_orange" } },
    { "condition": "minecraft:location_check", "predicate": { "biome": "terralith:autumnal_forest_red" } },
    { "condition": "minecraft:location_check", "predicate": { "biome": "terralith:autumnal_forest_yellow" } },
    { "condition": "minecraft:location_check", "predicate": { "biome": "terralith:cloud_forest" } },
    { "condition": "minecraft:location_check", "predicate": { "biome": "terralith:cloud_forest_valley" } },
    { "condition": "minecraft:location_check", "predicate": { "biome": "terralith:coastal_jungle" } },
    { "condition": "minecraft:location_check", "predicate": { "biome": "terralith:emerald_peaks" } },
    { "condition": "minecraft:location_check", "predicate": { "biome": "terralith:haze_mountain" } },
    { "condition": "minecraft:location_check", "predicate": { "biome": "terralith:jungle_mountains" } },
    { "condition": "minecraft:location_check", "predicate": { "biome": "terralith:lavender_forest" } },
    { "condition": "minecraft:location_check", "predicate": { "biome": "terralith:lush_canyon" } },
    { "condition": "minecraft:location_check", "predicate": { "biome": "terralith:lush_mountains" } },
    { "condition": "minecraft:location_check", "predicate": { "biome": "terralith:mega_jungle" } },
    { "condition": "minecraft:location_check", "predicate": { "biome": "terralith:mirage_isles" } },
    { "condition": "minecraft:location_check", "predicate": { "biome": "terralith:moonlight_grove" } },
    { "condition": "minecraft:location_check", "predicate": { "biome": "terralith:ominous_grove" } },
    { "condition": "minecraft:location_check", "predicate": { "biome": "terralith:redwood_forest" } },
    { "condition": "minecraft:location_check", "predicate": { "biome": "terralith:siberian_taiga" } },
    { "condition": "minecraft:location_check", "predicate": { "biome": "terralith:wheat_fields" } },
    { "condition": "minecraft:location_check", "predicate": { "biome": "terralith:wintry_forest" } },
    { "condition": "minecraft:location_check", "predicate": { "biome": "terralith:shrubland" } },
	
    { "condition": "minecraft:location_check", "predicate": { "biome": "terralith:zreserved/10/midland_plains" } },
    { "condition": "minecraft:location_check", "predicate": { "biome": "terralith:zreserved/11/midland_taiga" } },
    { "condition": "minecraft:location_check", "predicate": { "biome": "terralith:zreserved/118/blooming_mountains" } },
    { "condition": "minecraft:location_check", "predicate": { "biome": "terralith:zreserved/117/blooming_meadow" } },
    { "condition": "minecraft:location_check", "predicate": { "biome": "terralith:zreserved/115/highland_siberian_taiga" } },
    { "condition": "minecraft:location_check", "predicate": { "biome": "terralith:zreserved/114/midland_snowy_taiga_hills" } },
    { "condition": "minecraft:location_check", "predicate": { "biome": "terralith:zreserved/113/highland_snowy_taiga" } },
    { "condition": "minecraft:location_check", "predicate": { "biome": "terralith:zreserved/112/midland_snowy_taiga" } },
    { "condition": "minecraft:location_check", "predicate": { "biome": "terralith:zreserved/111/midland_taiga_hills" } },
    { "condition": "minecraft:location_check", "predicate": { "biome": "terralith:zreserved/110/highland_taiga" } },
    { "condition": "minecraft:location_check", "predicate": { "biome": "terralith:zreserved/105/highland_wooded_hills" } },
    { "condition": "minecraft:location_check", "predicate": { "biome": "terralith:zreserved/104/highland_forest" } },
    { "condition": "minecraft:location_check", "predicate": { "biome": "terralith:zreserved/103/midland_forest" } },
    { "condition": "minecraft:location_check", "predicate": { "biome": "terralith:zreserved/102/highland_wheat_fields" } },
    { "condition": "minecraft:location_check", "predicate": { "biome": "terralith:zreserved/101/highland_sunflower_plains" } },
    { "condition": "minecraft:location_check", "predicate": { "biome": "terralith:zreserved/100/highland_plains" } }
  ]
}
