{
  "condition": "minecraft:alternative",
  "terms": [
    {
      "condition": "minecraft:location_check",
      "predicate": {
        "block": {
          "block": "minecraft:barrel",
          "nbt": "{Items:[{Slot:0b}]}"
        }
      }
    },
    {
      "condition": "minecraft:location_check",
      "predicate": {
        "block": {
          "block": "minecraft:barrel",
          "nbt": "{Items:[{Slot:4b}]}"
        }
      }
    },
    {
      "condition": "minecraft:location_check",
      "predicate": {
        "block": {
          "block": "minecraft:barrel",
          "nbt": "{Items:[{Slot:6b}]}"
        }
      }
    },
    {
      "condition": "minecraft:location_check",
      "predicate": {
        "block": {
          "block": "minecraft:barrel",
          "nbt": "{Items:[{Slot:7b}]}"
        }
      }
    },
    {
      "condition": "minecraft:location_check",
      "predicate": {
        "block": {
          "block": "minecraft:barrel",
          "nbt": "{Items:[{Slot:8b}]}"
        }
      }
    },
    {
      "condition": "minecraft:location_check",
      "predicate": {
        "block": {
          "block": "minecraft:barrel",
          "nbt": "{Items:[{Slot:9b}]}"
        }
      }
    },
    {
      "condition": "minecraft:location_check",
      "predicate": {
        "block": {
          "block": "minecraft:barrel",
          "nbt": "{Items:[{Slot:13b}]}"
        }
      }
    },
    {
      "condition": "minecraft:location_check",
      "predicate": {
        "block": {
          "block": "minecraft:barrel",
          "nbt": "{Items:[{Slot:14b}]}"
        }
      }
    },
    {
      "condition": "minecraft:location_check",
      "predicate": {
        "block": {
          "block": "minecraft:barrel",
          "nbt": "{Items:[{Slot:15b}]}"
        }
      }
    },
    {
      "condition": "minecraft:location_check",
      "predicate": {
        "block": {
          "block": "minecraft:barrel",
          "nbt": "{Items:[{Slot:17b}]}"
        }
      }
    },
    {
      "condition": "minecraft:location_check",
      "predicate": {
        "block": {
          "block": "minecraft:barrel",
          "nbt": "{Items:[{Slot:18b}]}"
        }
      }
    },
    {
      "condition": "minecraft:location_check",
      "predicate": {
        "block": {
          "block": "minecraft:barrel",
          "nbt": "{Items:[{Slot:25b}]}"
        }
      }
    },
    {
      "condition": "minecraft:location_check",
      "predicate": {
        "block": {
          "block": "minecraft:barrel",
          "nbt": "{Items:[{Slot:26b}]}"
        }
      }
    }
  ]
}
