{
	"credit": "Made with Blockbench",
	"textures": {
		"0": "block/jungle_log",
		"particle": "block/jungle_log"
	},
	"elements": [
		{
			"from": [5, -4, 5],
			"to": [11, 8, 11],
			"faces": {
				"north": {"uv": [0, 0, 6, 12], "texture": "#0"},
				"east": {"uv": [0, 0, 6, 12], "texture": "#0"},
				"south": {"uv": [0, 0, 6, 12], "texture": "#0"},
				"west": {"uv": [0, 0, 6, 12], "texture": "#0"},
				"up": {"uv": [0, 0, 6, 6], "texture": "#0"},
				"down": {"uv": [0, 0, 6, 6], "texture": "#0"}
			}
		},
		{
			"from": [4, 5, 4],
			"to": [9, 17, 9],
			"rotation": {"angle": 0, "axis": "y", "origin": [-2, 9, -2]},
			"faces": {
				"north": {"uv": [0, 0, 5, 12], "texture": "#0"},
				"east": {"uv": [0, 0, 5, 12], "texture": "#0"},
				"south": {"uv": [0, 0, 5, 12], "texture": "#0"},
				"west": {"uv": [0, 0, 5, 12], "texture": "#0"},
				"up": {"uv": [0, 0, 5, 5], "texture": "#0"},
				"down": {"uv": [0, 0, 5, 5], "texture": "#0"}
			}
		},
		{
			"from": [3, 13, 6],
			"to": [7, 22, 10],
			"rotation": {"angle": 0, "axis": "y", "origin": [-4, 17, 0]},
			"faces": {
				"north": {"uv": [0, 0, 4, 9], "texture": "#0"},
				"east": {"uv": [0, 0, 4, 9], "texture": "#0"},
				"south": {"uv": [0, 0, 4, 9], "texture": "#0"},
				"west": {"uv": [0, 0, 4, 9], "texture": "#0"},
				"up": {"uv": [0, 0, 4, 4], "texture": "#0"},
				"down": {"uv": [0, 0, 4, 4], "texture": "#0"}
			}
		},
		{
			"from": [4, 19, 8],
			"to": [8, 28, 12],
			"rotation": {"angle": 0, "axis": "y", "origin": [-3, 23, 2]},
			"faces": {
				"north": {"uv": [0, 0, 4, 9], "texture": "#0"},
				"east": {"uv": [0, 0, 4, 9], "texture": "#0"},
				"south": {"uv": [0, 0, 4, 9], "texture": "#0"},
				"west": {"uv": [0, 0, 4, 9], "texture": "#0"},
				"up": {"uv": [0, 0, 4, 4], "texture": "#0"},
				"down": {"uv": [0, 0, 4, 4], "texture": "#0"}
			}
		}
	],
	"display": {
		"head": {
			"translation": [0, -25, 0],
			"scale": [2, 2, 2]
		}
	}
}