{
  "criteria": {
    "equip_lauret": {
      "trigger": "minecraft:inventory_changed",
      "conditions": {
        "player": [
          {
            "condition": "minecraft:entity_properties",
            "entity": "this",
            "predicate": {
              "equipment": {
                "head": {
                  "items": [
                    "minecraft:leather_helmet"
                  ],
                  "nbt": "{flor_dat:{verdant_mastery_circlet:1b}}"
                }
              }
            }
          },
          {
            "condition": "minecraft:inverted",
            "term": {
              "condition": "minecraft:entity_properties",
              "entity": "this",
              "predicate": {
                "nbt": "{Tags:[\"flor.ignore_circlet\"]}"
              }
            }
          }
        ],
        "items": [
          {
            "items": [
              "minecraft:leather_helmet"
            ],
            "nbt": "{flor_dat:{verdant_mastery_circlet:1b}}"
          }
        ]
      }
    }
  },
  "rewards": {
    "function": "florcraft:item/verdant_mastery_circlet/schedule_equip"
  }
}